{
  "model_id": "unsloth/Qwen3-8B-bnb-4bit",
  "total_samples": 495,
  "invalid_responses": 57,
  "accuracy": 0.6909090909090909,
  "macro_precision": 0.7895378841191649,
  "macro_recall": 0.7792600451356523,
  "macro_f1": 0.7799045114708799,
  "per_class_metrics": {
    "A": {
      "precision": 0.7241379310344828,
      "recall": 0.8823529411764706,
      "f1": 0.7954545454545454
    },
    "B": {
      "precision": 0.7959183673469388,
      "recall": 0.7090909090909091,
      "f1": 0.75
    },
    "C": {
      "precision": 0.7714285714285715,
      "recall": 0.81,
      "f1": 0.7902439024390244
    },
    "D": {
      "precision": 0.8666666666666667,
      "recall": 0.7155963302752294,
      "f1": 0.7839195979899497
    }
  }
}